Number,Level,Vocabulary,Wordclass,Guide
1,3급,가꾸다,동사,정원을 가꾸다
2,3급,가난,명사,가난을 겪다
3,3급,가능,명사,주차 가능
4,3급,가득하다,형용사,물이 가득하다
5,3급,가득히,부사,가득히 넣다
6,3급,가렵다,형용사,몸이 가렵다
7,3급,가로01/가로02,명사/부사,가로와 세로
8,3급,가루,명사,가루로 만들다
9,3급,가리다02,동사,얼굴을 가리다
10,3급,가스,명사,가스 요금
11,3급,가스레인지,명사,가스레인지를 켜다
12,3급,가습기,명사,가습기를 켜다
13,3급,가입,명사,회원 가입
14,3급,가입자,명사,신규 가입자
15,3급,가전제품,명사,가전제품을 구매하다
16,3급,가정01,명사,가정을 이루다
17,3급,가죽,명사,가죽 잠바
18,3급,각01,관형사,각 개인
19,3급,각자01/각자02,명사/부사,각자가 맡다
20,3급,간01,명사,간을 보다
21,3급,간판,명사,간판을 걸다
22,3급,간호,명사,간호를 받다
23,3급,갈다01,동사,전구를 갈다
24,3급,갈증,명사,갈증이 나다
25,3급,-감,접사,책임감
26,3급,감각,명사,감각이 없다
27,3급,감다03,동사,붕대를 감다
28,3급,감독,명사,감독을 강화하다
29,3급,감동,명사,감동을 받다
30,3급,감동적01/감동적02,관형사/명사,감동적 이야기
31,3급,감상03,명사,음악 감상
32,3급,감정01,명사,감정이 풍부하다
33,3급,강물,명사,강물이 흐르다
34,3급,강사02,명사,시간 강사
35,3급,개나리,명사,개나리가 피다
36,3급,개다01,동사,날씨가 개다
37,3급,개인,명사,개인의 자유
38,3급,개인적01/개인적02,관형사/명사,개인적 감정
39,3급,걔,줄어든꼴,그 아이
40,3급,거꾸로,부사,거꾸로 뒤집히다
41,3급,거스름돈,명사,거스름돈을 받다
42,3급,거품,명사,거품이 나다
43,3급,건널목,명사,건널목을 건너다
44,3급,건조02,명사,건조 기후
45,3급,걸레,명사,걸레로 닦다
46,3급,검다,형용사,색깔이 검다
47,3급,검색,명사,인터넷 검색
48,3급,검토,명사,서류 검토
49,3급,겁,명사,겁이 많다
50,3급,겉옷,명사,겉옷을 벗다
51,3급,게시,명사,안내문 게시
52,3급,게시판,명사,게시판에 붙이다
53,3급,겨우,부사,겨우 몇 개
54,3급,결국02/결국01,명사/부사,결국 해내다
55,3급,결제,명사,카드 결제
56,3급,경기장,명사,실내 경기장
57,3급,경복궁,명사,경복궁에 가다
58,3급,경비01,명사,여행 경비
59,3급,경비실,명사,아파트 경비실
60,3급,경우,명사,그런 경우
61,3급,경제,명사,경제 개발
62,3급,경제적01/경제적02,관형사/명사,경제적 능력
63,3급,경찰관,명사,교통 경찰관
64,3급,곁01,명사,곁에 있다
65,3급,계곡,명사,계곡에서 놀다
66,3급,계약,명사,계약을 맺다
67,3급,계약금,명사,계약금을 받다
68,3급,계좌,명사,계좌 번호
69,3급,고객,명사,고객을 맞다
70,3급,고구마,명사,고구마를 먹다
71,3급,고궁,명사,고궁을 산책하다
72,3급,고백,명사,사랑 고백
73,3급,고생,명사,고생이 심하다
74,3급,고속,명사,고속 도로
75,3급,고추,명사,고추를 따다
76,3급,고춧가루,명사,고춧가루를 뿌리다
77,3급,곤란,명사,곤란한 질문
78,3급,곧이어,부사,곧이어 시작하다
79,3급,곧장,부사,곧장 가다
80,3급,골고루,부사,골고루 먹다
81,3급,골목,명사,좁은 골목
82,3급,골목길,명사,골목길을 걷다
83,3급,골프,명사,골프 선수
84,3급,곰,명사,동물
85,3급,곱다01,형용사,고운 얼굴
86,3급,곱하다,동사,수를 곱하다
87,3급,곳곳,명사,전국 곳곳
88,3급,공03,명사,숫자
89,3급,공간,명사,공간을 차지하다
90,3급,공공,명사,공공 기관
91,3급,공공장소,명사,공공장소를 이용하다
92,3급,공과금,명사,공과금을 내다
93,3급,공기02,명사,공기가 맑다
94,3급,공동,명사,공동 개최
95,3급,공사01,명사,신축 공사
96,3급,공식,명사,공식 발표
97,3급,공연,명사,공연을 보다
98,3급,공연장,명사,공연장에 몰려들다
99,3급,공주,명사,공주와 왕자
100,3급,공중전화,명사,공중전화 박스
101,3급,공통,명사,공통 화제
102,3급,공통점,명사,공통점을 찾다
103,3급,공포02,명사,공포를 느끼다
104,3급,과02,명사,과를 옮기다
105,3급,과로,명사,과로로 쓰러지다
106,3급,과목,명사,시험 과목
107,3급,과식,명사,과식 습관
108,3급,과장02,명사,과장이 심하다
109,3급,과장03,명사,과장으로 승진하다
110,3급,과정01,명사,과정을 겪다
111,3급,과학,명사,과학 기술
112,3급,과학자,명사,과학자가 되다
113,3급,관객,명사,관객이 모여들다
114,3급,관계없다,형용사,관계없는 일
115,3급,관계없이,부사,시간에 관계없이
116,3급,관계있다,형용사,주제와 관련 있다
117,3급,관람,명사,연극 관람
118,3급,관람객,명사,영화 관람객
119,3급,관련,명사,관련이 있다
120,3급,관리02,명사,학생 관리
121,3급,관찰,명사,식물 관찰
122,3급,광경,명사,광경을 보다
123,3급,굉장히,부사,굉장히 좋아하다
124,3급,교시01,명사,1교시
125,3급,교외01,명사,교외로 나가다
126,3급,교통수단,명사,교통수단을 이용하다
127,3급,교통편,명사,교통편을 예약하다
128,3급,교포,명사,재일 교포
129,3급,구05,명사,행정 구역
130,3급,구경거리,명사,구경거리가 많다
131,3급,구멍,명사,구멍을 뚫다
132,3급,구수하다,형용사,맛이 구수하다
133,3급,구역,명사,금연 구역
134,3급,구입,명사,물품 구입
135,3급,구조02,명사,구조를 바꾸다
136,3급,구체적01/구체적02,관형사/명사,구체적 성과
137,3급,구하다01,동사,일자리를 구하다
138,3급,국가01,명사,민주 국가
139,3급,국기,명사,국기를 달다
140,3급,국내선,명사,국내선으로 갈아타다
141,3급,국립,명사,국립 미술관
142,3급,국물,명사,국물을 마시다
143,3급,국민,명사,국민 소득
144,3급,국어,명사,국어를 가르치다
145,3급,군대,명사,군대에 가다
146,3급,굶다,동사,밥을 굶다
147,3급,굽,명사,구두 굽
148,3급,권하다,동사,입원을 권하다
149,3급,귀하01/귀하02,명사/대명사,김철수 귀하
150,3급,규칙적01/규칙적02,관형사/명사,규칙적 생활
151,3급,그녀,대명사,
152,3급,그래도,줄어든말,그리하여도
153,3급,그램,의존명사,고기 백 그램
154,3급,그러다,동사,
155,3급,그룹,명사,스터디 그룹
156,3급,그만하다01,동사,일을 그만하다
157,3급,그저,부사,그저 웃기만 하다
158,3급,그제01,명사,그저께
,3급,그제02,부사,
159,3급,그중,명사,그중에서 제일
160,3급,근데,부사,
161,3급,근무,명사,근무를 마치다
162,3급,근육,명사,근육 운동
163,3급,금02,명사,요일
164,3급,금03,명사,금 목걸이
165,3급,금액,명사,금액을 지불하다
166,3급,금연,명사,금연 좌석
167,3급,긋다01,동사,선을 긋다
168,3급,긍정적01/긍정적02,관형사/명사,긍정적 태도
169,3급,-기07,접사,세탁기
170,3급,기계,명사,기계가 작동하다
171,3급,기관,명사,공공 기관
172,3급,기구01,명사,운동 기구
173,3급,기념,명사,결혼 기념
174,3급,기념품,명사,기념품을 사다
175,3급,기능02,명사,기능이 다양하다
176,3급,기다,동사,아기가 기다
177,3급,기대,명사,기대를 받다
178,3급,기대다01,동사,벽에 기대다
179,3급,기도02,명사,기도를 드리다
180,3급,기말시험,명사,기말시험을 보다
181,3급,기사01,명사,버스 기사
182,3급,기사02,명사,신문 기사
183,3급,기술자,명사,기술자를 양성하다
184,3급,기억력,명사,기억력이 좋다
185,3급,기업,명사,기업을 운영하다
186,3급,기준,명사,기준을 세우다
187,3급,기초,명사,기초를 다지다
188,3급,기타01,명사,기타 등등
189,3급,긴급,명사,긴급 구조
190,3급,긴팔,명사,긴팔을 입다
191,3급,길다01,동사,머리가 길다
192,3급,김01,명사,김이 나다
193,3급,까다01,동사,껍데기를 까다
194,3급,깔끔하다,형용사,방이 깔끔하다
195,3급,깜빡,부사,깜빡 켜지다
196,3급,깨지다,동사,유리가 깨지다
197,3급,꺼지다01,동사,불이 꺼지다
198,3급,껍질,명사,과일 껍질
199,3급,꼬리,명사,꼬리를 흔들다
200,3급,꼼짝,부사,꼼짝 못하다
201,3급,꽂다,동사,열쇠를 꽂다
202,3급,꽃무늬,명사,꽃무늬 커튼
203,3급,꽉,부사,꽉 누르다
204,3급,꽤,부사,꽤 멀다
205,3급,꾸준히,부사,꾸준히 노력하다
206,3급,꿀,명사,꿀을 넣다
207,3급,끈,명사,끈을 묶다
208,3급,끊기다,동사,도로가 끊기다
209,3급,끊어지다,동사,줄이 끊어지다
210,3급,끌다,동사,신발을 끌다
211,3급,끝내,부사,끝내 모르다
212,3급,끼01,명사,끼를 거르다
213,3급,끼다02,동사,구름이 끼다
214,3급,나르다,동사,이삿짐을 나르다
215,3급,나물01,명사,나물을 다듬다
216,3급,나뭇잎,명사,나뭇잎을 따다
217,3급,나빠지다,동사,건강이 나빠지다
218,3급,나아지다,동사,건강이 나아지다
219,3급,나이프,명사,나이프로 썰다
220,3급,나타내다,동사,모습을 나타내다
221,3급,낙엽,명사,낙엽을 태우다
222,3급,난로,명사,난로를 피우다
223,3급,난방,명사,난방과 냉방
224,3급,날아가다,동사,새가 날아가다
225,3급,낡다,형용사,옷이 낡다
226,3급,남02,명사,남자
227,3급,남03,명사,남쪽
228,3급,남미,명사,남미 대륙
229,3급,남부,명사,남부 지방
230,3급,낯설다,형용사,얼굴이 낯설다
231,3급,낳다01,동사,아기를 낳다
232,3급,내05,명사,기간 내
233,3급,내내,부사,일 년 내내
234,3급,내달,명사,내달 초
235,3급,내려놓다,동사,책을 내려놓다
236,3급,내보내다,동사,밖으로 내보내다
237,3급,내성적01/내성적02,관형사/명사,내성적 성격
238,3급,내주다,동사,거스름돈을 내주다
239,3급,내후년,명사,내후년이 지나다
240,3급,낼모레02/낼모레01,부사/명사,내일 모레
241,3급,냉동,명사,냉동 창고
242,3급,냉방,명사,냉방과 난방
243,3급,냉정하다01,형용사,성격이 냉정하다
244,3급,널다,동사,빨래를 널다
245,3급,널리,부사,널리 알려지다
246,3급,넓이,명사,넓이를 재다
247,3급,넘어가다,동사,나무가 넘어가다
248,3급,넘어서다,동사,산을 넘어서다
249,3급,년대,의존명사,이천 년대
250,3급,노랑,명사,색
251,3급,노선,명사,지하철 노선
252,3급,노선도,명사,버스 노선도
253,3급,노약자,명사,노약자를 보호하다
254,3급,노트북,명사,노트북 컴퓨터
255,3급,녹다,동사,얼음이 녹다
256,3급,녹음02,명사,녹음을 듣다
257,3급,녹음기,명사,녹음기로 녹음하다
258,3급,놀이공원,명사,놀이공원에 가다
259,3급,놀이터,명사,놀이터에서 놀다
260,3급,농부,명사,농부가 씨를 뿌리다
261,3급,농사01,명사,농사를 짓다
262,3급,높아지다,동사,파도가 높아지다
263,3급,높이다,동사,건물을 높이다
264,3급,높임말,명사,높임말을 쓰다
265,3급,놓이다,동사,마음이 놓이다
266,3급,놓치다,동사,손을 놓치다
267,3급,눈가,명사,눈가에 바르다
268,3급,눈병,명사,눈병에 걸리다
269,3급,눈부시다,형용사,조명이 눈부시다
270,3급,눈사람,명사,눈사람을 만들다
271,3급,눈싸움02,명사,눈싸움 놀이
272,3급,늘리다,동사,규모를 늘리다
273,3급,늘어나다,동사,사람이 늘어나다
274,3급,늦잠,명사,늦잠을 자다
275,3급,-님,접사,선생님
276,3급,다리미,명사,다리미로 옷을 다리다
277,3급,다림질,명사,바지를 다림질하다
278,3급,다방,명사,다방 커피
279,3급,다운로드,명사,다운로드를 받다
280,3급,다정,명사,다정한 연인
281,3급,다지다02,동사,마늘을 다지다
282,3급,다행,명사,다행으로 생각하다
283,3급,다행히,부사,다행히 찾다
284,3급,단단하다,형용사,뼈가 단단하다
285,3급,단맛,명사,단맛을 느끼다
286,3급,단발머리,명사,단발머리로 자르다
287,3급,단위,명사,화폐 단위
288,3급,단점,명사,단점을 극복하다
289,3급,단정하다01,형용사,옷차림이 단정하다
290,3급,단지03,명사,단지를 조성하다
291,3급,단체,명사,단체에 가입하다
292,3급,닫히다,동사,창문이 닫히다
293,3급,달다02,동사,단추를 달다
294,3급,달다04,동사,달라고 하다
295,3급,달라지다,동사,장소가 달라지다
296,3급,달러02/달러01,의존명사/명사,일 달러
297,3급,달콤하다,형용사,케이크가 달콤하다
298,3급,담그다,동사,발을 담그다
299,3급,담기다01,동사,그릇에 담기다
300,3급,담다,동사,쌀을 담다
301,3급,닷새,명사,닷새가 걸리다
302,3급,당근,명사,당근 주스
303,3급,당신,대명사,
304,3급,당연하다,형용사,당연한 결과
305,3급,당연히,부사,당연히 다르다
306,3급,당장,명사,지금 당장
307,3급,당황,명사,당황을 감추지 못하다
308,3급,닿다,동사,손에 닿다
309,3급,대01/대02,명사/의존명사,대가 굵다
310,3급,대다01,동사,열차 시간에 대다
311,3급,대단하다,형용사,추위가 대단하다
312,3급,대도시,명사,대도시에 살다
313,3급,대문,명사,대문을 열다
314,3급,대변,명사,대변이 마렵다
315,3급,대상02,명사,연구 대상
316,3급,대신,명사,나 대신 너
317,3급,대여섯02/대여섯01,수사/관형사,숫자
318,3급,대중02,명사,대중과 소통하다
319,3급,대중가요,명사,대중가요를 부르다
320,3급,대중교통,명사,대중교통을 타다
321,3급,대청소,명사,집안 대청소
322,3급,대체로,부사,대략
323,3급,대통령,명사,대통령을 선출하다
324,3급,대표,명사,대표 작품
325,3급,대표적01/대표적02,관형사/명사,대표적 작품
326,3급,대하다,동사,얼굴을 대하다
327,3급,대한민국,명사,나라
328,3급,대형01,명사,대형 냉장고
329,3급,더러워지다,동사,옷이 더러워지다
330,3급,더하다02,동사,숫자를 더하다
331,3급,덜,부사,덜 익다
332,3급,덜다,동사,밥을 덜다
333,3급,덮다,동사,이불을 덮다
334,3급,데,의존명사,장소가 달라지다
335,3급,데다,동사,불에 데다
336,3급,데리다,동사,데리고 가다
337,3급,데치다,동사,채소를 데치다
338,3급,도05,명사,행정 구역
339,3급,도구,명사,청소 도구
340,3급,도둑,명사,도둑을 잡다
341,3급,도망가다,동사,도둑이 도망가다
342,3급,도서02,명사,도서 대출
343,3급,도시락,명사,도시락을 싸다
344,3급,도심,명사,도심에 위치하다
345,3급,도자기,명사,도자기를 빚다
346,3급,도장03,명사,도장을 찍다
347,3급,도중,명사,도중에 끼어들다
348,3급,독감,명사,독감에 걸리다
349,3급,독일어,명사,독일어를 가르치다
350,3급,돌01/돌02,명사/의존명사,돌잔치
351,3급,돌려받다00,동사,책을 돌려받다
352,3급,돌보다,동사,아이를 돌보다
353,3급,돌아다니다,동사,거리를 돌아다니다
354,3급,동02,명사,동쪽
355,3급,동03,명사,행정 구역
356,3급,동그라미,명사,동그라미를 그리다
357,3급,동그랗다,형용사,얼굴이 동그랗다
358,3급,동료,명사,직장 동료
359,3급,동부,명사,동부 유럽
360,3급,동아리,명사,동아리에 가입하다
361,3급,동양,명사,동양 사상
362,3급,동작,명사,동작이 느리다
363,3급,동창,명사,동창 모임
364,3급,동창회,명사,동창회를 열다
365,3급,동호회,명사,동호회에 가입하다
366,3급,되돌아오다,동사,편지가 되돌아오다
367,3급,되찾다,동사,안정을 되찾다
368,3급,두께,명사,두께가 얇다
369,3급,두통약,명사,두통약을 복용하다
370,3급,둥글다01,형용사,지구가 둥글다
371,3급,드라이,명사,드라이가 잘 되다
372,3급,드라이브,명사,드라이브를 나가다
373,3급,드라이어,명사,드라이어로 말리다
374,3급,드레스,명사,드레스를 입다
375,3급,듣기,명사,듣기 평가
376,3급,들려주다,동사,노래를 들려주다
377,3급,들어서다,동사,집에 들어서다
378,3급,들어주다,동사,부탁을 들어주다
379,3급,등02/등00,의존명사/명사,일 등
380,3급,등03,의존명사,"딸기, 사과 등의 과일"
381,3급,등록,명사,등록 기간
382,3급,등록금,명사,등록금을 내다
383,3급,등록증,명사,등록증을 발급받다
384,3급,등산복,명사,등산복을 입다
385,3급,디지털,명사,디지털 방송
386,3급,따다,동사,사과를 따다
387,3급,따라가다,동사,앞사람을 따라가다
388,3급,따라서,부사,
389,3급,따라오다,동사,뒤를 따라오다
390,3급,따로따로,부사,따로따로 움직이다
391,3급,따르다01,동사,뒤를 따르다
392,3급,따르릉,부사,따르릉 울리다
393,3급,딱03,부사,딱 알맞다
394,3급,딱딱하다,형용사,딱딱한 껍질
395,3급,땅속,명사,땅속에 묻다
396,3급,때때로,부사,때때로 변하다
397,3급,떠나가다,동사,고향을 떠나가다
398,3급,떠오르다,동사,하늘에 떠오르다
399,3급,떠올리다,동사,추억을 떠올리다
400,3급,떨다01,동사,무서움에 떨다
401,3급,떨리다01,동사,온몸이 떨리다
402,3급,떨어뜨리다,동사,바닥에 떨어뜨리다
403,3급,또한,부사,나 또한
404,3급,똑똑히,부사,똑똑히 기억하다
405,3급,뚫다,동사,구멍을 뚫다
406,3급,뛰다01,동사,빨리 뛰다
407,3급,뛰어나다,형용사,솜씨가 뛰어나다
408,3급,뛰어내리다,동사,아래로 뛰어내리다
409,3급,뛰어넘다,동사,담을 뛰어넘다
410,3급,뜨다01,동사,달이 뜨다
411,3급,띠02,명사,돼지띠
412,3급,레몬,명사,레몬 차
413,3급,렌터카,명사,렌터카를 빌리다
414,3급,로그인,명사,자동 로그인
415,3급,로봇,명사,로봇 장난감
416,3급,-률02,접사,출생률
417,3급,리듬,명사,리듬에 맞추다
418,3급,리본,명사,리본으로 묶다
419,3급,마늘00,명사,마늘을 까다
420,3급,마라톤,명사,마라톤을 완주하다
421,3급,마사지,명사,마사지를 받다
422,3급,마우스,명사,마우스 클릭
423,3급,마음대로,부사,마음대로 되다
424,3급,마음씨,명사,마음씨가 곱다
425,3급,마이크,명사,마이크를 잡다
426,3급,마침,부사,
427,3급,막01,부사,막 잠들다
428,3급,막02,부사,막 쓰다
429,3급,막내,명사,막내 동생
430,3급,막다,동사,귀를 막다
431,3급,막대기,명사,나무 막대기
432,3급,막차,명사,막차를 놓치다
433,3급,만05/만00,관형사/명사,만 3주
434,3급,만남,명사,만남과 헤어짐
435,3급,만족,명사,만족을 느끼다
436,3급,만족스럽다,형용사,만족스러운 결과
437,3급,많아지다,동사,인구가 많아지다
438,3급,말다01,동사,김밥을 말다
439,3급,말리다03,동사,빨래를 말리다
440,3급,말하기,명사,말하기 평가
441,3급,맞다02,동사,손님을 맞다
442,3급,맞다03,동사,매를 맞다
443,3급,맞은편,명사,맞은편에 앉다
444,3급,맞이하다,동사,새해를 맞이하다
445,3급,맡기다,동사,수리를 맡기다
446,3급,맡다01,동사,임무를 맡다
447,3급,맡다02,동사,냄새를 맡다
448,3급,매01,명사,매를 맞다
449,3급,매달다,동사,문에 매달다
450,3급,매운맛,명사,매운맛이 나다
451,3급,매운탕,명사,매운탕을 끓이다
452,3급,매장03,명사,의류 매장
453,3급,매점,명사,학교 매점학용품
454,3급,매진01,명사,영화표의 매진
455,3급,맨발,명사,맨발로 걷다
456,3급,먼지,명사,먼지를 닦다
457,3급,멀미,명사,멀미가 나다
458,3급,멋지다,형용사,경치가 멋지다
459,3급,멍,명사,멍이 들다
460,3급,메뉴판,명사,메뉴판을 찾다
461,3급,메모지,명사,메모지에 쓰다
462,3급,멜로디,명사,감미로운 멜로디
463,3급,면02,명사,벽의 면
464,3급,면적,명사,면적이 넓다
465,3급,면접,명사,면접 장소
466,3급,면허증,명사,면허증을 따다
467,3급,멸치,명사,멸치를 볶다
468,3급,명단,명사,합격자 명단
469,3급,명함,명사,명함을 교환하다
470,3급,몇몇02/몇몇01,관형사/수사,몇몇 사람
471,3급,모니터,명사,컴퓨터의 모니터
472,3급,모델,명사,최신 모델
473,3급,모래,명사,모래 장난
474,3급,모범,명사,모범이 되다
475,3급,모자01,명사,모자가 닮다
476,3급,모집,명사,학생 모집
477,3급,목02,명사,요일
478,3급,목록,명사,단어 목록
479,3급,목적지,명사,목적지에 도착하다
480,3급,목표,명사,목표를 세우다
481,3급,몰래,부사,몰래 도망가다
482,3급,몸무게,명사,몸무게를 재다
483,3급,몸살,명사,몸살이 나다
484,3급,몸짓,명사,우아한 몸짓
485,3급,묘사,명사,상황 묘사
486,3급,무늬,명사,나무의 무늬
487,3급,무대,명사,콘서트 무대
488,3급,무더위,명사,무더위가 꺾이다
489,3급,무덤,명사,무덤을 파다
490,3급,무서워하다,동사,물을 무서워하다
491,3급,무역,명사,무역 회사
492,3급,무용03,명사,고전 무용
493,3급,무조건02/무조건01,부사/명사,무조건 화를 내다
494,3급,묵다02,동사,호텔에서 묵다
495,3급,묶다,동사,머리를 묶다
496,3급,문구점,명사,가게
497,3급,문방구,명사,학교 앞 문방구학용품
498,3급,문법,명사,한국어 문법
499,3급,문병,명사,문병을 가다
500,3급,문의,명사,문의 전화
501,3급,문자,명사,문자 메시지
502,3급,문장01,명사,영어 문장
503,3급,문학,명사,문학 작품
504,3급,문화재,명사,문화재를 보호하다
505,3급,묻다01,동사,물이 묻다
506,3급,-물,접사,농산물
507,3급,물가01,명사,물가에서 놀다
508,3급,물가02,명사,물가가 비싸다
509,3급,물다01,동사,개가 물다
510,3급,물러나다,동사,뒤로 물러나다
511,3급,물러서다,동사,뒤로 물러서다
512,3급,물리다02,동사,개에 물리다
513,3급,물소리,명사,물소리가 나다
514,3급,물약,명사,물약을 마시다
515,3급,물음,명사,물음에 답하다
516,3급,뮤지컬,명사,뮤지컬 공연
517,3급,미국인00,명사,미국인을 만나다
518,3급,미끄럽다,형용사,길이 미끄럽다
519,3급,미루다,동사,숙제를 미루다
520,3급,미만,명사,19세 미만
521,3급,미성년자,명사,미성년자 관람불가
522,3급,미소,명사,미소를 짓다
523,3급,미술,명사,미술 작품
524,3급,미용사,명사,미용사 자격증
525,3급,미인,명사,미인 대회
526,3급,미장원,명사,미장원에서 파마하다
527,3급,미팅,명사,미팅 상대
528,3급,민속놀이,명사,전통 민속놀이
529,3급,밀리다01,동사,차가 밀리다
530,3급,밉다,형용사,하는 짓이 밉다
531,3급,및,부사,설계 및 시공
532,3급,밑줄,명사,밑줄을 긋다
533,3급,바01,의존명사,느낀 바
534,3급,바구니,명사,과일 바구니
535,3급,바늘,명사,실과 바늘
536,3급,바닷물,명사,바닷물이 출렁이다
537,3급,바둑,명사,바둑을 두다
538,3급,바보,명사,바보가 되다
539,3급,바위,명사,넓적한 바위
540,3급,바퀴01/바퀴02,명사/의존명사,자동차 바퀴
541,3급,바탕,명사,바탕을 이루다
542,3급,박02,의존명사,1박 2일
543,3급,박사,명사,박사 학위
544,3급,반납,명사,책 반납
545,3급,반달01,명사,반달이 뜨다
546,3급,반대말,명사,반대말을 찾다
547,3급,반대쪽,명사,반대쪽으로 가다
548,3급,반말,명사,반말과 높임말
549,3급,반면01,명사,반면에
550,3급,반복,명사,반복 연습
551,3급,반죽,명사,밀가루 반죽
552,3급,반창고,명사,반창고를 붙이다
553,3급,반팔,명사,반팔을 입다
554,3급,반하다01,동사,첫눈에 반하다
555,3급,발급,명사,카드 발급
556,3급,발달,명사,뇌의 발달
557,3급,발명,명사,발명 아이디어
558,3급,발목,명사,발목 부상
559,3급,발음,명사,발음 연습
560,3급,발전01,명사,경제 발전
561,3급,발표,명사,결과 발표
562,3급,발행,명사,신문 발행
563,3급,밝히다,동사,전등을 밝히다
564,3급,밟다,동사,브레이크를 밟다
565,3급,밤02,명사,밤을 따다
566,3급,밤늦다,형용사,밤늦은 시각
567,3급,밤새,명사,밤새 일하다
568,3급,밤색,명사,색
569,3급,밥그릇,명사,밥그릇에 담다
570,3급,밥솥,명사,압력 밥솥
571,3급,방송사,명사,방송사에 다니다
572,3급,방식,명사,생활 방식
573,3급,방울01,명사,방울이 맺히다
574,3급,방해,명사,방해를 받다
575,3급,배고프다,형용사,배고프고 목마르다
576,3급,배구,명사,배구 선수
577,3급,배낭,명사,배낭을 메다
578,3급,배낭여행,명사,배낭여행을 떠나다
579,3급,배웅,명사,손님을 배웅하다
580,3급,배치,명사,자리 배치
581,3급,배터리,명사,배터리를 갈다
582,3급,배편,명사,배편으로 보내다
583,3급,백00,명사,가방
584,3급,뱃속,명사,마음
585,3급,버섯02,명사,버섯 요리
586,3급,버터,명사,버터를 바르다
587,3급,버튼,명사,버튼을 누르다
588,3급,번개,명사,천둥과 번개
589,3급,번역,명사,한국어 번역
590,3급,번지,명사,주소
591,3급,번호표,명사,대기 번호표
592,3급,벌04,명사,벌을 받다
593,3급,벌금,명사,벌금을 부과하다
594,3급,범죄,명사,범죄를 저지르다
595,3급,법01,명사,법을 지키다
596,3급,법칙,명사,법칙에 따르다
597,3급,벗기다,동사,옷을 벗기다
598,3급,베란다,명사,아파트 베란다
599,3급,벤치,명사,벤치에 앉다
600,3급,벨,명사,전화기 벨
601,3급,벨트,명사,벨트를 매다
602,3급,벽시계,명사,벽시계를 걸다
603,3급,벽지02,명사,벽지로 도배하다
604,3급,변경02,명사,계획 변경
605,3급,변비,명사,변비에 걸리다
606,3급,변화,명사,온도 변화
607,3급,-별,접사,학년별
608,3급,별02,관형사,별 볼 일
609,3급,별말씀,명사,별말씀이 없으시다
610,3급,별명,명사,별명을 짓다
611,3급,별일,명사,별일 없다
612,3급,병실,명사,병실을 옮기다
613,3급,보고02,명사,업무 보고
614,3급,보고서,명사,보고서를 작성하다
615,3급,보관,명사,냉장 보관
616,3급,보기01,명사,보기를 들다
617,3급,보너스,명사,보너스를 받다
618,3급,보람,명사,보람을 느끼다
619,3급,보름,명사,정월 보름
620,3급,보름달,명사,보름달이 뜨다
621,3급,보리,명사,보리를 재배하다
622,3급,보석02,명사,보석이 반짝이다
623,3급,보행자,명사,보행자를 배려하다
624,3급,보험,명사,보험에 가입하다
625,3급,보호,명사,자연 보호
626,3급,복,명사,복을 받다
627,3급,복도,명사,건물 복도
628,3급,복사,명사,문서 복사
629,3급,복사기,명사,컬러복사기
630,3급,복숭아,명사,과일
631,3급,복용,명사,약물 복용
632,3급,복통,명사,복통이 심하다
633,3급,본인01/본인02,명사/대명사,본인 명의
634,3급,볼거리,명사,볼거리가 많다
635,3급,볼링,명사,볼링을 치다
636,3급,볼일,명사,볼일이 생기다
637,3급,봉사02,명사,봉사 활동
638,3급,봉지,명사,봉지에 넣다
639,3급,뵈다02,동사,어른을 뵈다
640,3급,부01/부02,명사/의존명사,우리 부
641,3급,부담,명사,업무 부담
642,3급,부동산,명사,부동산 거래
643,3급,부러워하다,동사,성공을 부러워하다
644,3급,부러지다,동사,뼈가 부러지다
645,3급,부리다02,동사,멋을 부리다
646,3급,부모,명사,부모를 공경하다
647,3급,부인03,명사,중년 부인
648,3급,부자01,명사,부자가 닮다
649,3급,부잣집,명사,으리으리한 부잣집
650,3급,부채01,명사,부채 바람
651,3급,부츠,명사,부츠를 신다
652,3급,부친,명사,모친과 부친
653,3급,북02,명사,북으로 향하다
654,3급,북부,명사,북부 지방
655,3급,분단03,명사,국토 분단
656,3급,분리,명사,공간 분리
657,3급,분명히,부사,분명히 기억하다
658,3급,분실,명사,분실 사고
659,3급,분실물,명사,분실물 센터
660,3급,분필,명사,분필로 쓰다
661,3급,불-02,접사,불가능
662,3급,불규칙,명사,불규칙한 생활
663,3급,불균형,명사,영양 불균형
664,3급,불만,명사,불만을 말하다
665,3급,불만족,명사,불만족한 표정
666,3급,불만족스럽다,형용사,"서비스가 불만족
스럽다"
667,3급,불어,명사,불어로 말하다
668,3급,불완전,명사,불완전한 상태
669,3급,불평01,명사,불평을 늘어놓다
670,3급,붐비다,동사,사람들로 붐비다
671,3급,붓다01,동사,얼굴이 붓다
672,3급,붓다02,동사,물을 붓다
673,3급,뷔페,명사,뷔페에서 식사하다
674,3급,-비,접사,휴가비
675,3급,비밀번호,명사,비밀번호를 누르다
676,3급,비비다,동사,눈을 비비다
677,3급,비상구,명사,비상구로 대피하다
678,3급,비용,명사,비용을 지불하다
679,3급,비자,명사,비자를 연장하다
680,3급,비키다,동사,옆으로 비키다
681,3급,비타민,명사,비타민을 섭취하다
682,3급,비하다,동사,비할 수 없다
683,3급,비행03,명사,비행 스케줄
684,3급,비행장,명사,비행장에 도착하다
685,3급,빈자리,명사,빈자리에 앉다
686,3급,빌다01,동사,소원을 빌다
687,3급,빗다,동사,머리를 빗다
688,3급,빛,명사,형광등 빛
689,3급,빠지다01,동사,앞니가 빠지다
690,3급,빨강,명사,색
691,3급,빨개지다,동사,얼굴이 빨개지다
692,3급,빨다01,동사,사탕을 빨다
693,3급,뺏다,동사,돈을 뺏다
694,3급,뼈,명사,동물의 뼈
695,3급,뽀뽀,명사,볼에 뽀뽀하다
696,3급,뿌리,명사,나무의 뿌리
697,3급,뿌리다,동사,물을 뿌리다
698,3급,삐다,동사,발목을 삐다
699,3급,-사01,접사,변호사
700,3급,사건,명사,사건이 발생하다
701,3급,사과02,명사,잘못을 사과하다
702,3급,사교적01/사교적02,관형사/명사,사교적 성격
703,3급,사나이,명사,씩씩한 사나이
704,3급,사라지다,동사,사람들이 사라지다
705,3급,사무,명사,사무 담당
706,3급,사무소,명사,개인 사무소
707,3급,사물,명사,사물을 그리다
708,3급,사생활,명사,사생활 간섭
709,3급,사업가,명사,사업가로서 성공하다
710,3급,사용법,명사,사용법을 설명하다
711,3급,사우나,명사,사우나로 땀을 내다
712,3급,사이트,명사,사이트에 접속하다
713,3급,사인02,동사,계약서에 사인하다
714,3급,사자02,명사,동물
715,3급,사적01/사적02,관형사/명사,사적인 생활
716,3급,사전00,명사,백과사전
717,3급,사전01,명사,사전 준비
718,3급,사진관,명사,사진관을 운영하다
719,3급,사촌,명사,사촌 언니
720,3급,사항,명사,주의 사항
721,3급,사회02,명사,상류 사회
722,3급,사회자,명사,사회자가 질문하다
723,3급,사회적01/사회적02,관형사/명사,사회적 문제
724,3급,삭제,명사,파일 삭제
725,3급,산꼭대기,명사,산꼭대기에 오르다
726,3급,산업,명사,자동차 산업
727,3급,살아나다,동사,겨우 살아나다
728,3급,살인,명사,살인을 저지르다
729,3급,살짝,부사,살짝 움직이다
730,3급,살찌다,동사,살찐 몸
731,3급,살펴보다,동사,주위를 살펴보다
732,3급,살피다,동사,주위를 살피다
733,3급,삶,명사,삶을 누리다
734,3급,삶다,동사,국수를 삶다
735,3급,상01,명사,상과 하
736,3급,상02,명사,상을 차리다
737,3급,상관없다,형용사,상관없는 문제
738,3급,상담,명사,상담을 받다
739,3급,상대방,명사,상대방의 입장
740,3급,상식,명사,상식에 어긋나다
741,3급,상영,명사,영화 상영
742,3급,상점,명사,상점의 주인
743,3급,상태,명사,건강 상태
744,3급,상하다,동사,뼈가 상하다
745,3급,상황,명사,주변 상황
746,3급,새로이,부사,새로이 시작하다
747,3급,새엄마,명사,새엄마를 맞이하다
748,3급,새우,명사,새우를 먹다
749,3급,새집01,명사,새집으로 이사하다
750,3급,샌들,명사,샌들을 신다
751,3급,-생02,접사,실습생
752,3급,생년월일,명사,생년월일을 적다
753,3급,생머리,명사,곱슬머리
754,3급,생활비,명사,생활비를 벌다
755,3급,생활용품,명사,생활용품을 구입하다
756,3급,샴푸,명사,샴푸로 머리를 감다
757,3급,서02,명사,방향
758,3급,서넛,수사,숫자
759,3급,서명,명사,사인
760,3급,서부,명사,서부 지역
761,3급,서투르다,형용사,서투른 운전
762,3급,석유,명사,석유 연료
763,3급,선04,명사,선을 긋다
764,3급,선글라스,명사,선글라스를 끼다
765,3급,선약,명사,선약이 있다
766,3급,설01,명사,설날
767,3급,설명서,명사,제품 설명서
768,3급,설문,명사,설문에 답하다
769,3급,설문지,명사,설문지를 돌리다
770,3급,설사01,명사,설사 증상
771,3급,성당,명사,성당에 다니다
772,3급,성명01,명사,이름
773,3급,성별,명사,성별에 관계없이
774,3급,성실,명사,성실한 사람
775,3급,성인01,명사,성인 여성
776,3급,세기,명사,21세기
777,3급,세다02,동사,수를 세다
778,3급,세련되다,형용사,옷차림이 세련되다
779,3급,세로01/세로02,명사/부사,세로와 가로
780,3급,세월,명사,세월이 흐르다
781,3급,세일,명사,세일 가격
782,3급,세제01,명사,세제로 닦아내다
783,3급,세차,명사,세차를 받다
784,3급,세탁물,명사,세탁물을 맡기다
785,3급,세트,명사,선물 세트
786,3급,센티,의존명사,1센티
787,3급,셔츠,명사,셔츠를 입다
788,3급,-소,접사,연구소
789,3급,소-02,접사,소규모
790,3급,소감,명사,소감을 말하다
791,3급,소개팅,명사,소개팅을 나가다
792,3급,소극장,명사,소극장에서 공연하다
793,3급,소금물,명사,소금물에 절이다
794,3급,소나기,명사,소나기가 내리다
795,3급,소독,명사,상처 소독
796,3급,소독약,명사,소독약을 바르다
797,3급,소매01,명사,소매가 길다
798,3급,소문,명사,소문이 퍼지다
799,3급,소방관,명사,소방관이 출동하다
800,3급,소방서,명사,소방서에 신고하다
801,3급,소변,명사,소변이 마렵다
802,3급,소설가,명사,소설가의 작품
803,3급,소설책,명사,소설책을 읽다
804,3급,소시지,명사,소시지를 먹다
805,3급,소아과,명사,소아과에서 진찰 받다
806,3급,소요01,명사,소요 시간
807,3급,소원,명사,소원을 빌다
808,3급,소화,명사,소화를 돕다
809,3급,속담,명사,속담을 인용하다
810,3급,속상하다,형용사,속상한 마음
811,3급,손가방,명사,손가방을 들다
812,3급,손등,명사,손등으로 문지르다
813,3급,손목,명사,손목이 가늘다
814,3급,손목시계,명사,손목시계를 차다
815,3급,손발,명사,손발이 저리다
816,3급,손뼉,명사,손뼉을 치다
817,3급,손자,명사,손자와 손녀
818,3급,솜씨,명사,솜씨가 좋다
819,3급,송별회,명사,송별회를 열다
820,3급,송이,명사,송이가 맺히다
821,3급,쇠고기,명사,쇠고기를 굽다
822,3급,쇼,명사,쇼를 보다
823,3급,쇼핑몰,명사,쇼핑몰을 운영하다
824,3급,쇼핑센터,명사,쇼핑센터에서 사다
825,3급,수06,명사,요일
826,3급,수다,명사,수다를 떨다
827,3급,수단01,명사,결제 수단
828,3급,수도01,명사,수도가 새다
829,3급,수도02,명사,나라의 수도
830,3급,수량,명사,수량이 모자라다
831,3급,수리03,명사,수리를 맡기다
832,3급,수면02,명사,수면을 취하다
833,3급,수면제,명사,수면제를 복용하다
834,3급,수선02,명사,수선을 맡기다
835,3급,수수료,명사,수수료가 붙다
836,3급,수입01,명사,수입이 많다
837,3급,수입02,명사,수입을 허용하다
838,3급,수정03,명사,계획의 수정
839,3급,수집02,명사,우표 수집
840,3급,수출,명사,해외 수출
841,3급,수표,명사,수표를 발행하다
842,3급,수학02,명사,수학 문제
843,3급,숙박,명사,숙박 시설
844,3급,숙박비,명사,호텔의 숙박비
845,3급,숙소,명사,숙소에 머물다
846,3급,순간,명사,위기의 순간
847,3급,술잔,명사,술잔을 돌리다
848,3급,숨다,동사,몰래 숨다
849,3급,숲,명사,숲이 우거지다
850,3급,쉬다02,동사,목이 쉬다
851,3급,쉿,감탄사,
852,3급,슈퍼,명사,슈퍼에서 구입하다
853,3급,스무째00,수사/관형사/명사,순서
854,3급,스커트,명사,스커트를 입다
855,3급,스타일,명사,독특한 스타일
856,3급,스타킹,명사,스타킹을 신다
857,3급,슬리퍼,명사,슬리퍼를 신다
858,3급,습기,명사,습기가 차다
859,3급,습도,명사,습도가 높다
860,3급,습하다,형용사,습한 공기
861,3급,승객,명사,승객을 태우다
862,3급,승무원,명사,비행기 승무원
863,3급,승진,명사,승진 시험
864,3급,승차,명사,승차 거부
865,3급,승차권,명사,승차권을 끊다
866,3급,시04,명사,시를 읽다
867,3급,시각01,명사,일출 시각
868,3급,시기01,명사,등록 시기
869,3급,시내버스,명사,시내버스를 타다
870,3급,시대,명사,조선 시대
871,3급,시디,명사,시디를 굽다
872,3급,시설,명사,교육 시설
873,3급,시아버지,명사,시아버지를 모시다
874,3급,시외,명사,시외로 나가다
875,3급,시외버스,명사,시외버스를 타다
876,3급,시장01,명사,시장을 뽑다
877,3급,시집01,명사,시집 식구
878,3급,시집02,명사,시집을 읽다
879,3급,시험지,명사,시험지를 채점하다
880,3급,식기,명사,식기를 닦다
881,3급,식당가,명사,식당가에서 먹다
882,3급,식료품,명사,식료품 가게
883,3급,식비,명사,식비가 들다
884,3급,식사량,명사,식사량을 조절하다
885,3급,식용유,명사,식용유에 튀기다
886,3급,식중독,명사,식중독에 걸리다
887,3급,식품점,명사,식품점에서 사다
888,3급,식후,명사,식후 30분
889,3급,식히다,동사,더위를 식히다
890,3급,신경,명사,신경이 예민하다
891,3급,신고,명사,도난 신고
892,3급,신기하다01,형용사,신기한 일
893,3급,신나다,동사,신난 아이들
894,3급,신문사,명사,신문사 기자
895,3급,신문지,명사,신문지에 싸다
896,3급,신부01,명사,신부와 수녀
897,3급,신분,명사,사회적 신분
898,3급,신사,명사,신사와 숙녀
899,3급,신용,명사,신용을 잃다
900,3급,신입,명사,신입 사원
901,3급,신입생,명사,신입생을 모집하다
902,3급,신청서,명사,신청서를 접수하다
903,3급,신체,명사,신체가 튼튼하다
904,3급,신혼,명사,신혼 생활
905,3급,신혼부부,명사,예비 신혼부부
906,3급,실01,명사,실로 묶다
907,3급,실내,명사,실내 수영장
908,3급,실력,명사,실력이 뛰어나다
909,3급,실리다01,동사,배에 실리다
910,3급,실망,명사,실망이 크다
911,3급,실제로,부사,실제로 일어나다
912,3급,실종,명사,실종 사건
913,3급,실컷,부사,실컷 놀다
914,3급,싫증,명사,싫증이 나다
915,3급,-심,접사,배려심
916,3급,심각하다,형용사,문제가 심각하다
917,3급,심리,명사,기대 심리
918,3급,싱싱하다,형용사,싱싱한 꽃
919,3급,싸다02,동사,오줌을 싸다
920,3급,쌍,명사,쌍으로 묶다
921,3급,쌍둥이,명사,이란성 쌍둥이
922,3급,쌓이다,동사,책들이 쌓이다
923,3급,썩다,동사,고기가 썩다
924,3급,쏟다,동사,기름을 쏟다
925,3급,쏟아지다,동사,물이 쏟아지다
926,3급,쓰기,명사,쓰기 평가
927,3급,쓰이다01,동사,글씨가 쓰이다
928,3급,쓰이다02,동사,재료가 쓰이다
929,3급,쓸다,동사,낙엽을 쓸다
930,3급,씨01,명사,씨를 뿌리다
931,3급,-씩,접사,조금씩
932,3급,아가,명사,아가가 울다
933,3급,아끼다,동사,돈을 아끼다
934,3급,아냐,감탄사,
935,3급,아래층,명사,아래층으로 내려가다
936,3급,아랫사람,명사,아랫사람의 도리
937,3급,아랫집,명사,아랫집에 내려가다
938,3급,아쉽다,명사,작별이 아쉽다
939,3급,아시아,명사,아시아 대륙
940,3급,아이02,감탄사,
941,3급,아이고,감탄사,
942,3급,아이디어,명사,아이디어가 뛰어나다
943,3급,아침밥,명사,아침밥을 먹다
944,3급,아침저녁00,명사,아침저녁으로 만나다
945,3급,아프리카,명사,아프리카 대륙
946,3급,아픔,명사,육신의 아픔
947,3급,아홉째02/아홉째01/아홉째03,수사/관형사/명사,순서
948,3급,악수,명사,화해의 악수
949,3급,안과,명사,안과 진료
950,3급,안내서00,명사,안내서를 읽다
951,3급,안내원,명사,안내원을 따라가다
952,3급,안내판,명사,안내판을 세우다
953,3급,안방,명사,아늑한 안방
954,3급,안부,명사,안부를 묻다
955,3급,안색,명사,안색이 나쁘다
956,3급,안심02,명사,안심 귀가
957,3급,안약,명사,안약을 넣다
958,3급,안전띠,명사,안전띠를 매다
959,3급,안정01,명사,안정을 유지하다
960,3급,않다01,동사,세수를 않다
961,3급,알01/알02,명사/의존명사,알을 까다
962,3급,알레르기,명사,알레르기 증상
963,3급,알려지다,동사,사실이 알려지다
964,3급,알아내다,동사,사실을 알아내다
965,3급,알아듣다,동사,말귀를 알아듣다
966,3급,암02,명사,암에 걸리다
967,3급,앗,감탄사,
968,3급,앞날,명사,앞날을 기약하다
969,3급,앞뒤,명사,앞뒤를 돌아보다
970,3급,앞머리,명사,앞머리를 기르다
971,3급,앞집,명사,앞집 아줌마
972,3급,애기,명사,애기를 낳다
973,3급,애완동물,명사,애완동물을 기르다
974,3급,액세서리,명사,액세서리를 걸치다
975,3급,액자,명사,액자를 걸다
976,3급,야경,명사,야경을 감상하다
977,3급,야근,명사,야근이 잦다
978,3급,야외,명사,야외로 나가다
979,3급,약도,명사,약도를 그리다
980,3급,약품,명사,약품 개발
981,3급,양02,명사,양을 몰다
982,3급,양04,관형사,양 볼
983,3급,양06,명사,알맞은 양
984,3급,양념,명사,양념을 뿌리다
985,3급,양력,명사,양력과 음력
986,3급,양배추,명사,양배추를 썰다
987,3급,양보,명사,자리 양보
988,3급,양산01,명사,양산을 쓰다
989,3급,양식04,명사,양식에 맞추다
990,3급,양옆,명사,양옆에 앉다
991,3급,양쪽,명사,양쪽 뺨
992,3급,양파,명사,양파 냄새
993,3급,얘03,줄어든꼴,이 아이
994,3급,-어01,접사,한국어
995,3급,어기다,동사,약속을 어기다
996,3급,어느새,부사,어느새 다 자라다
997,3급,어떡하다,줄어든꼴,어떠하게 하다
998,3급,어려움,명사,어려움을 겪다
999,3급,어머,감탄사,
1000,3급,어저께02/어저께01,부사/명사,어저께 아침
1001,3급,어지럽다,형용사,머리가 어지럽다
1002,3급,어휘,명사,풍부한 어휘
1003,3급,어휴,감탄사,
1004,3급,언덕,명사,언덕을 오르다
1005,3급,얼룩,명사,옷의 얼룩
1006,3급,얼른,부사,얼른 일어나다
1007,3급,얼마간,명사,얼마간의 돈
1008,3급,업다,동사,아이를 업다
1009,3급,업무,명사,업무를 끝내다
1010,3급,없애다,동사,근심을 없애다
1011,3급,없어지다,동사,말이 없어지다
1012,3급,없이,부사,사고 없이
1013,3급,엊그제02/엊그제01,명사/부사,엊그제 아침
1014,3급,에스컬레이터,명사,에스컬레이터에 오르다
1015,3급,여02,명사,남과 여
1016,3급,-여02,접사,십여 년
1017,3급,여가,명사,여가를 즐기다
1018,3급,여관,명사,여관을 잡다
1019,3급,여기다,동사,친구로 여기다
1020,3급,여덟째02/여덟째01/여덟째03,수사/관형사/명사,순서
1021,3급,여드름,명사,여드름이 나다
1022,3급,여름철,명사,여름철 날씨
1023,3급,여름휴가,명사,여름휴가를 떠나다
1024,3급,여보,감탄사,
1025,3급,여섯째02/여섯째01/여섯째03,수사/관형사/명사,순서
1026,3급,여유,명사,여유가 넘치다
1027,3급,여유롭다,형용사,여유로운 삶
1028,3급,여인,명사,중년 여인
1029,3급,여쭈다,동사,선생님께 여쭈다
1030,3급,역사가,명사,역사가가 연구하다
1031,3급,역사적01/역사적02,관형사/명사,역사적 기록
1032,3급,역할,명사,역할을 맡다
1033,3급,연01,명사,연 강수량
1034,3급,연고01,명사,연고를 바르다
1035,3급,연구,명사,연구 성과
1036,3급,연기01,명사,무기한 연기
1037,3급,연기03,명사,배우의 연기
1038,3급,연두색,명사,색
1039,3급,연인,명사,연인 관계
1040,3급,연장02,명사,연장 근무
1041,3급,연주,명사,피아노 연주
1042,3급,연주회,명사,피아노 연주회
1043,3급,연하다,형용사,고기가 연하다
1044,3급,열리다01,동사,사과가 열리다
1045,3급,열쇠고리,명사,열쇠고리를 사오다
1046,3급,열째02/열째01/열째03,수사/관형사/명사,순서
1047,3급,영01,부사,
1048,3급,영리하다,형용사,영리한 학생
1049,3급,영상01,명사,영상에 담다
1050,3급,영상02,명사,영상의 온도
1051,3급,영양,명사,영양 상태
1052,3급,영양제,명사,영양제를 챙기다
1053,3급,영웅,명사,전쟁 영웅
1054,3급,영원히,부사,영원히 사랑하다
1055,3급,영향,명사,영향을 미치다
1056,3급,예05,명사,대표적인 예
1057,3급,예06,명사,예가 바르다
1058,3급,예금,명사,예금을 인출하다
1059,3급,예방,명사,산불 예방
1060,3급,예보,명사,날씨 예보
1061,3급,예상,명사,예상과 다르다
1062,3급,예식장,명사,예식장을 예약하다
1063,3급,예의,명사,예의가 바르다
1064,3급,예절,명사,예절을 지키다
1065,3급,예정,명사,예정 시간
1066,3급,예측,명사,예측이 어긋나다
1067,3급,예컨대,부사,
1068,3급,옛날이야기,명사,옛날이야기를 듣다
1069,3급,오02,감탄사,
1070,3급,오락실,명사,오락실 게임
1071,3급,오래오래,부사,오래오래 사세요
1072,3급,오랜,관형사,오랜 시간
1073,3급,오른편,명사,오른편을 향하다
1074,3급,오리,명사,오리를 잡다
1075,3급,오징어,명사,오징어 요리
1076,3급,오토바이,명사,오토바이를 몰다
1077,3급,오페라,명사,오페라를 감상하다
1078,3급,오피스텔,명사,오피스텔을 분양하다
1079,3급,오해,명사,오해를 풀다
1080,3급,온,관형사,온 집안
1081,3급,온몸,명사,온몸이 나른하다
1082,3급,온천,명사,온천 관광
1083,3급,올,명사,올 삼월
1084,3급,올라서다,동사,계단에 올라서다
1085,3급,올려놓다,동사,책을 올려놓다
1086,3급,올바르다,형용사,올바른 태도
1087,3급,올여름,명사,올여름 날씨
1088,3급,옮기다,동사,숙소를 옮기다
1089,3급,옷차림,명사,옷차림이 가볍다
1090,3급,와인,명사,와인을 마시다
1091,3급,완성,명사,완성을 시키다
1092,3급,왕복,명사,왕복 열차
1093,3급,외02,의존명사,그 외
1094,3급,외과,명사,외과 의사
1095,3급,외교,명사,외교 관계
1096,3급,외교관,명사,외교관을 임명하다
1097,3급,외모,명사,준수한 외모
1098,3급,외박,명사,외박이 잦다
1099,3급,외부,명사,외부 공사
1100,3급,외삼촌,명사,외삼촌과 외숙모
1101,3급,외숙모,명사,외숙모와 외삼촌
1102,3급,외식,명사,외식 산업
1103,3급,외투01,명사,외투를 입다
1104,3급,외할머니,명사,외할머니를 뵙다
1105,3급,외할아버지,명사,외할아버지와 외할머니
1106,3급,왼발,명사,왼발이 크다
1107,3급,요01,명사,요를 깔다
1108,3급,요가,명사,요가를 배우다
1109,3급,요구르트,명사,요구르트를 마시다
1110,3급,요리법,명사,요리법을 개발하다
1111,3급,욕실,명사,욕실을 청소하다
1112,3급,-용,접사,어린이용
1113,3급,용02,명사,용이 승천하다
1114,3급,용기01,명사,용기를 내다
1115,3급,용돈,명사,용돈을 벌다
1116,3급,용품,명사,등산 용품
1117,3급,우물,명사,우물을 파다
1118,3급,우선02,명사,노약자 우선
1119,3급,우수03,명사,우수 학생
1120,3급,우연히,부사,우연히 발견하다
1121,3급,우울,명사,우울에 빠지다
1122,3급,우정,명사,우정을 나누다
1123,3급,우주,명사,우주 만물
1124,3급,우체통,명사,빨간 우체통
1125,3급,우측,명사,우측 방향
1126,3급,우편02,명사,등기 우편
1127,3급,우편물,명사,우편물을 받다
1128,3급,우편함,명사,우편함에 넣다
1129,3급,우회전,명사,우회전을 허용하다
1130,3급,운01,명사,운이 좋다
1131,3급,운동량,명사,운동량을 늘리다
1132,3급,운동선수,명사,운동선수가 되다
1133,3급,운명01,명사,운명을 믿다
1134,3급,운전면허00,명사,운전면허를 따다
1135,3급,울리다01,동사,전화기가 울리다
1136,3급,울리다02,동사,아이를 울리다
1137,3급,웃어른,명사,웃어른을 공경하다
1138,3급,-원02,접사,대학원
1139,3급,원래02/원래01,명사/부사,원래 그렇다
1140,3급,원룸,명사,원룸에 살다
1141,3급,원숭이,명사,수컷 원숭이
1142,3급,원인,명사,원인을 밝히다
1143,3급,월03,명사,요일
1144,3급,월드컵,명사,월드컵이 열리다
1145,3급,월세,명사,월세를 내다
1146,3급,웬일,명사,웬일로 일찍 오다
1147,3급,위03,의존명사,1위
1148,3급,위층,명사,위층과 아래층
1149,3급,위하다,동사,가족을 위하다
1150,3급,윗글0,명사,윗글을 읽다
1151,3급,윗사람,명사,윗사람을 모시다
1152,3급,유람선,명사,유람선을 타다
1153,3급,유럽,명사,유럽 국가
1154,3급,유료,명사,유료 주차장
1155,3급,유머,명사,유머 감각
1156,3급,유물,명사,유물을 전시하다
1157,3급,유적,명사,유적이 발견되다
1158,3급,유적지,명사,유적지를 조사하다
1159,3급,-율02,접사,할인율
1160,3급,으악02,감탄사,
1161,3급,은01,명사,금과 은
1162,3급,음력,명사,음력 생일
1163,3급,음성01,명사,음성을 듣다
1164,3급,음식물식료품,명사,음식물을 삼키다
1165,3급,음악회,명사,음악회에 가다
1166,3급,음주,명사,음주 운전
1167,3급,응급실,명사,병원 응급실
1168,3급,응원,명사,응원 소리
1169,3급,의견,명사,의견을 나누다
1170,3급,의논,명사,의논 주제
1171,3급,이곳저곳,명사,이곳저곳을 살피다
1172,3급,이국적01/이국적02,관형사/명사,이국적 풍경
1173,3급,이끌다,동사,단체를 이끌다
1174,3급,이동,명사,장소 이동
1175,3급,이따,부사,이따 만나요
1176,3급,이래서,줄어든꼴,이리하여서
1177,3급,이러다,동사,이러고 있다
1178,3급,이런저런,관형사,이런저런 문제
1179,3급,이력서,명사,이력서를 내다
1180,3급,이루다,동사,꿈을 이루다
1181,3급,이루어지다,동사,소원이 이루어지다
1182,3급,이름표,명사,이름표를 달다
1183,3급,이리02,부사,이리 오다
1184,3급,이만02,부사,이만 줄이다
1185,3급,이메일,명사,이메일을 보내다
1186,3급,이미지,명사,청각적 이미지
1187,3급,이비인후과,명사,이비인후과 진료
1188,3급,이성02,명사,이성 친구
1189,3급,이웃집,명사,이웃집을 방문하다
1190,3급,이자02,명사,은행 이자
1191,3급,이하,명사,수준 이하
1192,3급,익히다02,동사,기술을 익히다
1193,3급,인구,명사,수도권 인구
1194,3급,인도02,명사,인도로 걷다
1195,3급,인삼차,명사,인삼차를 마시다
1196,3급,인상03,명사,인상에 남다
1197,3급,인상적01/인상적02,관형사/명사,인상적 작품
1198,3급,인생,명사,인생을 바치다
1199,3급,인쇄,명사,인쇄가 선명하다
1200,3급,인스턴트,명사,인스턴트 음식식료품
1201,3급,인심,명사,인심이 넉넉하다
1202,3급,인원,명사,인원이 부족하다
1203,3급,인터뷰,명사,인터뷰 기사
1204,3급,일04,명사,요일
1205,3급,일곱째02/일곱째01/일곱째03,수사/관형사/명사,순서
1206,3급,일반,명사,일반 가정
1207,3급,일본어,명사,일본어 회화
1208,3급,일본인00,명사,일본인을 만나다
1209,3급,일부러,부사,
1210,3급,일상생활,명사,일상생활에서 사용하다
1211,3급,일어,명사,일어로 말하다
1212,3급,일자리,명사,일자리를 구하다
1213,3급,일정01,명사,일정 기준
1214,3급,일정02,명사,여행 일정
1215,3급,일정표,명사,경기 일정표
1216,3급,일출,명사,일출을 보다
1217,3급,일행,명사,일행과 헤어지다
1218,3급,읽기베스트셀러 쇼핑,명사,읽기를 잘하다
1219,3급,입국,명사,입국 수속
1220,3급,입맛,명사,입맛이 좋다
1221,3급,입장료,명사,입장료를 내다
1222,3급,입학시험,명사,입학시험에 합격하다
1223,3급,입학식,명사,입학식을 치르다
1224,3급,잇다,동사,끈을 잇다
1225,3급,자01,명사,자로 재다
1226,3급,자03,감탄사,
1227,3급,자04,명사,하늘 천 자
1228,3급,자가용,명사,자가용으로 출근하다
1229,3급,자격,명사,보호자 자격
1230,3급,자기02/자기01,대명사/명사,자기만 알다
1231,3급,자녀,명사,자녀를 양육하다
1232,3급,자동,명사,자동으로 움직이다
1233,3급,자료,명사,자료를 찾다
1234,3급,자리02,명사,자리를 펴다
1235,3급,자매,명사,쌍둥이 자매
1236,3급,자세하다,형용사,자세한 설명
1237,3급,자신02,명사,자신이 있다
1238,3급,자유롭다,형용사,자유로운 생각
1239,3급,자주색,명사,색
1240,3급,작성,명사,보고서 작성
1241,3급,작은아버지,명사,친척
1242,3급,작은어머니,명사,친척
1243,3급,작은집,명사,작은집에 가다
1244,3급,잔돈02,명사,잔돈을 모으다
1245,3급,잔디밭,명사,잔디밭에 앉다
1246,3급,잠그다01,동사,문을 잠그다
1247,3급,잠기다01,동사,문이 잠기다
1248,3급,잠옷,명사,잠옷을 입다
1249,3급,잡아먹다,동사,동물을 잡아먹다
1250,3급,잡히다02,동사,도둑이 잡히다
1251,3급,-장07,접사,운동장
1252,3급,장단점,명사,성격의 장단점
1253,3급,장래,명사,장래 희망
1254,3급,장례식,명사,장례식을 치르다
1255,3급,장마철,명사,장마철이 다가오다
1256,3급,장면,명사,경기 장면
1257,3급,장미꽃00,명사,장미꽃을 주다
1258,3급,장수02,명사,장수 마을
1259,3급,장식,명사,
1260,3급,장점,명사,장점과 단점
1261,3급,장학금,명사,장학금을 받다
1262,3급,재다02,동사,무게를 재다
1263,3급,재킷,명사,재킷을 입다
1264,3급,재학,명사,재학 증명서
1265,3급,재활용,명사,재활용 쓰레기
1266,3급,잼,명사,잼을 바르다
1267,3급,쟤,줄어든꼴,저 아이
1268,3급,저기02,감탄사,
1269,3급,저녁때,명사,저녁때에 만나다
1270,3급,저러다,동사,떠들고 저러다
1271,3급,저렴하다,형용사,저렴한 물건
1272,3급,저울,명사,저울에 달다
1273,3급,저자03,명사,책의 저자
1274,3급,저축,명사,저축 예금
1275,3급,-적,접사,일반적
1276,3급,적어도,부사,
1277,3급,적응,명사,시차 적응
1278,3급,적히다,동사,이름이 적히다
1279,3급,전국,명사,전국 대회
1280,3급,전국적01/전국적02,관형사/명사,전국적 규모
1281,3급,전날,명사,시험 전날
1282,3급,전달02,명사,물건 전달
1283,3급,전망,명사,아파트 전망
1284,3급,전문02,명사,전문 분야
1285,3급,전문가,명사,전문가를 초빙하다
1286,3급,전문점,명사,커피 전문점
1287,3급,전설,명사,아름다운 전설
1288,3급,전세01,명사,전세로 살다
1289,3급,전시01,명사,전시 상품
1290,3급,전시회,명사,전시회를 관람하다
1291,3급,전용01,명사,외국인 전용
1292,3급,전원00,명사,전원을 끄다
1293,3급,전원02,명사,전원이 참가하다
1294,3급,전자02,명사,전자 제품
1295,3급,전자레인지,명사,전자레인지에 데우다
1296,3급,전자사전,명사,전자사전을 찾다
1297,3급,전쟁,명사,한국 전쟁
1298,3급,전통,명사,전통 의상
1299,3급,전통적01/전통적02,관형사/명사,전통적 방식
1300,3급,절01,명사,절에 가다
1301,3급,절02,명사,절을 받다
1302,3급,절03,명사,1장 1절
1303,3급,절대01/절대02,명사/부사,절대 안정
1304,3급,절대로,부사,절대로 아니다
1305,3급,절약,명사,시간 절약
1306,3급,젊은이,명사,젊은이의 꿈
1307,3급,-점,접사,백화점
1308,3급,점02/점03,명사/의존명사,점을 찍다
1309,3급,점원,명사,백화점 점원
1310,3급,점차02/점차01,부사/명사,점차 좋아지다
1311,3급,점퍼,명사,점퍼를 입다
1312,3급,접수02,명사,원서 접수
1313,3급,젓다,동사,커피를 젓다
1314,3급,정04,명사,정이 들다
1315,3급,정답,명사,정답을 고르다
1316,3급,정말로,부사,정말로 믿다
1317,3급,정보,명사,여행 정보
1318,3급,정수기,명사,정수기를 설치하다
1319,3급,정신,명사,절약 정신
1320,3급,정신없다,형용사,구경에 정신없다
1321,3급,정신없이,부사,정신없이 찾다
1322,3급,정오,명사,정오 뉴스
1323,3급,정원01,명사,정원 미달
1324,3급,정육점,명사,정육점의 고기
1325,3급,정장,명사,정장을 입다
1326,3급,정치,명사,정치 활동
1327,3급,정형외과,명사,정형외과 의사
1328,3급,정확히,부사,정확히 계산하다
1329,3급,제-,접사,제3과
1330,3급,제04,줄어든꼴,저의
1331,3급,제공,명사,자료 제공
1332,3급,제과점,명사,제과점 빵
1333,3급,제대로,부사,제대로 갖추다
1334,3급,제시간,명사,제시간에 도착하다
1335,3급,제안,명사,제안을 받다
1336,3급,제출,명사,보고서 제출
1337,3급,제품,명사,가죽 제품
1338,3급,조건,명사,성공 조건
1339,3급,조깅,명사,조깅을 하다
1340,3급,조끼,명사,조끼를 입다
1341,3급,조리04,명사,조리 시간
1342,3급,조미료,명사,인공 조미료
1343,3급,조사03,명사,조사 결과
1344,3급,조상,명사,조상을 모시다
1345,3급,조언,명사,조언을 구하다
1346,3급,존경,명사,존경을 받다
1347,3급,졸리다01,동사,졸린 눈
1348,3급,졸업생,명사,졸업생을 배출하다
1349,3급,졸업식,명사,졸업식을 하다
1350,3급,종교,명사,종교를 믿다
1351,3급,종이컵,명사,종이컵을 쓰다
1352,3급,종일02/종일01,명사/부사,종일 일하다
1353,3급,종합,명사,종합 검사
1354,3급,좌석,명사,좌석에 앉다
1355,3급,좌측,명사,좌측과 우측
1356,3급,좌회전,명사,좌회전 신호
1357,3급,주간04/주간05,명사/의존명사,주간 계획
1358,3급,주고받다,동사,인사를 주고받다
1359,3급,주민,명사,동네 주민
1360,3급,주방,명사,주방에서 요리하다
1361,3급,주요,명사,주요 인물
1362,3급,주유소,명사,주유소에서 일하다
1363,3급,주의02,명사,주의가 산만하다
1364,3급,주인공,명사,영화 주인공
1365,3급,주제,명사,대화 주제
1366,3급,주차권,명사,주차권을 사다
1367,3급,주차료,명사,주차료가 비싸다
1368,3급,죽03,명사,죽을 쑤다
1369,3급,죽음,명사,죽음을 맞다
1370,3급,죽이다01,동사,곤충을 죽이다
1371,3급,준비물,명사,준비물을 챙기다
1372,3급,줄넘기,명사,줄넘기를 하다
1373,3급,줄무늬,명사,줄무늬 옷
1374,3급,중01,명사,스님
1375,3급,중고,명사,중고 자동차
1376,3급,중고차,명사,중고차를 사다
1377,3급,중국어,명사,중국어로 말하다
1378,3급,중국인00,명사,중국인을 만나다
1379,3급,중급,명사,중급 수준
1380,3급,중단,명사,운행 중단
1381,3급,중부,명사,중부 지방
1382,3급,중순,명사,내달 중순
1383,3급,중식,명사,중식을 먹다
1384,3급,중심지,명사,경제의 중심지
1385,3급,중형차,명사,중형차를 운전하다
1386,3급,쥐01,명사,쥐를 잡다
1387,3급,즉,부사,
1388,3급,즉시,명사,즉시 통과
1389,3급,즐거움,명사,즐거움을 느끼다
1390,3급,증가,명사,인구 증가
1391,3급,증명서,명사,증명서를 발급하다
1392,3급,증상,명사,감기 증상
1393,3급,증세01,명사,독감 증세
1394,3급,지각01,명사,지각이 생기다
1395,3급,지나치다02,형용사,지나친 운동
1396,3급,지난날,명사,지난날을 기억하다
1397,3급,지다01,동사,해가 지다
1398,3급,지도02,명사,지도를 받다
1399,3급,지방03,명사,식물성 지방
1400,3급,지붕,명사,지붕에 올라가다
1401,3급,지역,명사,서울 지역
1402,3급,지원02,명사,입사 지원
1403,3급,지저분하다,형용사,길이 지저분하다
1404,3급,지퍼,명사,지퍼를 잠그다
1405,3급,직장인,명사,직장인들이 출근하다
1406,3급,직진,명사,직진 신호
1407,3급,진단서,명사,진단서를 떼다
1408,3급,진심,명사,진심을 전하다
1409,3급,진찰,명사,진찰을 받다
1410,3급,진통제,명사,소염 진통제
1411,3급,진학,명사,진학 상담
1412,3급,진행,명사,진행이 순조롭다
1413,3급,진행자,명사,뉴스 진행자
1414,3급,질01,명사,질이 좋다
1415,3급,집다,동사,연필을 집다
1416,3급,집세,명사,집세를 내다
1417,3급,집안,명사,집안이 편안하다
1418,3급,집중,명사,정신 집중
1419,3급,짜다01,동사,목도리를 짜다
1420,3급,짜다02,동사,치약을 짜다
1421,3급,-짜리,접사,백 원짜리
1422,3급,쪽02,명사,쪽 번호
1423,3급,쭉,부사,선을 쭉 긋다
1424,3급,-쯤,접사,이쯤
1425,3급,찌르다,동사,바늘로 찌르다
1426,3급,찜질,명사,얼음찜질
1427,3급,찢다,동사,종이를 찢다
1428,3급,찢어지다,동사,종이가 찢어지다
1429,3급,차량,명사,차량을 통제하다
1430,3급,차로,명사,차로를 건너다
1431,3급,차리다,동사,밥상을 차리다
1432,3급,차림표,명사,차림표를 보다
1433,3급,차이,명사,나이 차이
1434,3급,차이점,명사,공통점과 차이점
1435,3급,찬성,명사,찬성과 반대
1436,3급,참가,명사,대회 참가
1437,3급,참고,명사,참고 자료
1438,3급,참기름,명사,참기름을 바르다
1439,3급,참석,명사,회의 참석
1440,3급,창03,명사,창을 열다
1441,3급,창가01,명사,창가에 앉다
1442,3급,창고,명사,창고에 보관하다
1443,3급,창구,명사,예매 창구
1444,3급,창밖,명사,창밖을 보다
1445,3급,창피,명사,창피를 당하다
1446,3급,채우다02,동사,자리를 채우다
1447,3급,책가방,명사,책가방을 메다
1448,3급,챙기다,동사,가방을 챙기다
1449,3급,처녀,명사,처녀 시절
1450,3급,처방,명사,처방을 내리다
1451,3급,처방전,명사,병원 처방전
1452,3급,천둥,명사,천둥이 치다
1453,3급,천사,명사,천사와 악마
1454,3급,천장,명사,천장이 높다
1455,3급,천재01,명사,천재 시인
1456,3급,철01,명사,철이 바뀌다
1457,3급,철도,명사,도시 철도
1458,3급,첫눈01,명사,첫눈에 반하다
1459,3급,첫눈02,명사,첫눈이 내리다
1460,3급,첫인상,명사,첫인상이 좋다
1461,3급,청소기,명사,청소기를 돌리다
1462,3급,청혼,명사,청혼을 받다
1463,3급,체력,명사,체력을 단련하다
1464,3급,체크무늬,명사,체크무늬 남방
1465,3급,체하다02,동사,과식으로 체하다
1466,3급,체험,명사,문화 체험
1467,3급,초급,명사,초급 과정
1468,3급,초록02,명사,색
1469,3급,촌스럽다,형용사,옷차림이 촌스럽다
1470,3급,총01,명사,총을 쏘다
1471,3급,촬영,명사,사진 촬영
1472,3급,최고급,명사,최고급 호텔
1473,3급,최선,명사,최선을 다하다
1474,3급,최저,명사,최저 임금
1475,3급,추억,명사,추억으로 남다
1476,3급,추천,명사,추천 도서
1477,3급,추측,명사,추측이 맞다
1478,3급,축구장,명사,축구장에 가다
1479,3급,축제,명사,불꽃 축제
1480,3급,출국,명사,출국 수속
1481,3급,충분히,부사,충분히 쉬다
1482,3급,취하다02,동사,술에 취하다
1483,3급,취향,명사,개인 취향
1484,3급,치다03,동사,밑줄을 치다
1485,3급,치료법,명사,아토피 치료법
1486,3급,치르다,동사,값을 치르다
1487,3급,치수01,명사,치수를 재다
1488,3급,치우다01,동사,물건들을 치우다
1489,3급,치즈,명사,피자 치즈
1490,3급,친-,접사,친부모
1491,3급,친딸,명사,친딸처럼 대하다
1492,3급,칸,명사,옆 칸
1493,3급,커지다,동사,문제가 커지다
1494,3급,커튼,명사,커튼을 달다
1495,3급,코너,명사,코너를 돌다
1496,3급,코미디,명사,코미디 영화
1497,3급,코스,명사,드라이브 코스
1498,3급,코트01,명사,코트를 입다
1499,3급,코트02,명사,농구 코트
1500,3급,코피,명사,코피를 흘리다
1501,3급,콘도,명사,콘도에서 묵다
1502,3급,콜록콜록,부사,콜록콜록 기침을 하다
1503,3급,콧노래,명사,콧노래를 부르다
1504,3급,큰길,명사,큰길로 다니다
1505,3급,큰아버지,명사,큰아버지와 작은아버지
1506,3급,큰어머니,명사,큰어머니와 작은어머니
1507,3급,클래식,명사,클래식 음악
1508,3급,키스,명사,첫 키스
1509,3급,탁자,명사,탁자에 두다
1510,3급,탑승,명사,비행기 탑승
1511,3급,탑승객,명사,국제선 탑승객
1512,3급,태우다02,동사,차에 태우다
1513,3급,터뜨리다,동사,풍선을 터뜨리다
1514,3급,털,명사,털이 빠지다
1515,3급,털다,동사,이불을 털다
1516,3급,테이프,명사,테이프를 끊다
1517,3급,토02,명사,요일
1518,3급,토론,명사,찬반 토론
1519,3급,토하다,동사,음식을 토하다
1520,3급,통04,부사,통 말이 없다
1521,3급,통05,명사,통에 담다
1522,3급,통신,명사,통신 상태
1523,3급,통역,명사,영어 통역
1524,3급,통일,명사,남북의 통일
1525,3급,통통하다,형용사,몸매가 통통하다
1526,3급,통하다,동사,바람이 통하다
1527,3급,특기01,명사,취미와 특기
1528,3급,특성,명사,신체적 특성
1529,3급,특징,명사,독특한 특징
1530,3급,틀림없이,부사,틀림없이 맞다
1531,3급,틈틈이,부사,틈틈이 하다
1532,3급,파01,명사,파를 썰다
1533,3급,파다,동사,구멍을 파다
1534,3급,파도,명사,파도가 치다
1535,3급,파랑01,명사,색
1536,3급,파마,명사,파마머리
1537,3급,파일,명사,파일로 묶다
1538,3급,파출소,명사,파출소에 신고하다
1539,3급,판매,명사,판매 가격
1540,3급,패션,명사,패션 잡지
1541,3급,팬티,명사,팬티를 입다
1542,3급,퍼센트,의존명사,백 퍼센트
1543,3급,페이지,명사,페이지를 넘기다
1544,3급,편02,의존명사,저쪽 편
1545,3급,편식,명사,편식이 심하다
1546,3급,평가,명사,평가 기준
1547,3급,포기02,명사,중도 포기
1548,3급,포도주,명사,포도주를 담그다
1549,3급,포크,명사,포크로 찍다
1550,3급,포함,명사,세금 포함
1551,3급,폭포,명사,폭포에 가다
1552,3급,표01,명사,표를 그리다
1553,3급,표시02,명사,가격 표시
1554,3급,표정,명사,표정이 밝다
1555,3급,표지판,명사,안내 표지판
1556,3급,표현,명사,감정 표현
1557,3급,풀01,명사,풀로 붙이다
1558,3급,풀리다,동사,나사가 풀리다
1559,3급,품질,명사,품질이 뛰어나다
1560,3급,풍선,명사,풍선을 띄우다
1561,3급,풍습,명사,전통 풍습
1562,3급,프린터,명사,프린터로 출력하다
1563,3급,플라스틱,명사,플라스틱 용기
1564,3급,피로,명사,피로가 쌓이다
1565,3급,피부,명사,피부 미용
1566,3급,피서,명사,여름 피서
1567,3급,피하다,동사,책임을 피하다
1568,3급,피해,명사,피해를 입다
1569,3급,피해자,명사,사고 피해자
1570,3급,하나하나01/하나하나02,명사/부사,하나하나 세다
1571,3급,하숙,명사,하숙을 하다
1572,3급,하양,명사,색
1573,3급,하차,명사,하차 벨
1574,3급,하품,명사,하품이 나오다
1575,3급,하하01,부사,하하 웃다
1576,3급,-학,접사,경제학
1577,3급,학과,명사,전공 학과
1578,3급,학습,명사,외국어 학습
1579,3급,학자,명사,학자를 초청하다
1580,3급,한국말,명사,한국말을 배우다
1581,3급,한국어,명사,한국어를 배우다
1582,3급,한국인,명사,한국인 친구
1583,3급,한동안,명사,한동안 계속되다
1584,3급,한때01/한때02,명사/부사,한때의 감정
1585,3급,한문,명사,한문을 읽다
1586,3급,한숨02,명사,한숨을 쉬다
1587,3급,한자,명사,한자를 읽다
1588,3급,한쪽,명사,한쪽으로 기울어지다
1589,3급,한참00/한참,명사/부사,한참 기다리다
1590,3급,할인점,명사,가구 할인점
1591,3급,합격,명사,시험 합격
1592,3급,합계,명사,합계를 구하다
1593,3급,합치다,동사,하나로 합치다
1594,3급,항공료,명사,항공료가 오르다
1595,3급,해결,명사,문제 해결
1596,3급,해돋이,명사,해돋이를 감상하다
1597,3급,해물,명사,해물 파전
1598,3급,해변,명사,해변을 거닐다
1599,3급,해산물,명사,해산물 요리
1600,3급,해수욕장,명사,해수욕장에 가다
1601,3급,핸드백,명사,핸드백을 메다
1602,3급,햇볕,명사,햇볕을 쬐다
1603,3급,-행,접사,서울행
1604,3급,행사장,명사,행사장 안내
1605,3급,행운,명사,행운이 오다
1606,3급,향수,명사,향수를 뿌리다
1607,3급,향하다,동사,눈길이 향하다
1608,3급,허락,명사,결혼 허락
1609,3급,허리띠,명사,허리띠를 매다
1610,3급,허벅지,명사,허벅지가 두껍다
1611,3급,현관,명사,집 현관
1612,3급,현대,명사,현대 문명
1613,3급,형태,명사,건물의 형태
1614,3급,호두,명사,호두 파이
1615,3급,호박,명사,호박 농사
1616,3급,호실,명사,2호실
1617,3급,혹은,부사,아들 혹은 딸
1618,3급,혼나다,동사,아파서 혼나다
1619,3급,홈페이지,명사,홈페이지에 접속하다
1620,3급,화02,명사,요일
1621,3급,화면,명사,텔레비전 화면
1622,3급,화분,명사,화분에 심다
1623,3급,화장01,명사,화장이 진하다
1624,3급,화장대,명사,화장대에 앉다
1625,3급,화재,명사,화재 신고
1626,3급,화폐,명사,전자 화폐
1627,3급,화해,명사,화해를 청하다
1628,3급,확인,명사,사실 확인
1629,3급,환불,명사,요금 환불
1630,3급,환상적01/환상적02,관형사/명사,환상적인 이야기
1631,3급,환승역,명사,지하철 환승역
1632,3급,환영회,명사,신입생 환영회
1633,3급,환율,명사,환율이 오르다
1634,3급,환하다,형용사,불빛이 환하다
1635,3급,활동,명사,야외 활동
1636,3급,활발하다,형용사,교류가 활발하다
1637,3급,활짝,부사,활짝 열다
1638,3급,회02,명사,회를 먹다
1639,3급,회비,명사,회비를 내다
1640,3급,회식,명사,부서 회식
1641,3급,회의실,명사,회의실에 모이다
1642,3급,회장01,명사,회장을 뽑다
1643,3급,횟수,명사,횟수를 세다
1644,3급,효과,명사,약 효과
1645,3급,후반,명사,후반 경기
1646,3급,후식,명사,후식을 먹다
1647,3급,후추,명사,후추를 뿌리다
1648,3급,후회,명사,늦은 후회
1649,3급,휴가철,명사,휴가철이 시작되다
1650,3급,휴대,명사,휴대가 간편하다
1651,3급,휴식,명사,휴식 시간
1652,3급,휴학,명사,휴학 신청
1653,3급,흘러가다,동사,시냇물이 흘러가다
1654,3급,희다00,형용사,흰 종이
1655,3급,희생,명사,희생을 감수하다